Exam_ID,Exam_Date,Exam_Section,Section_Time
1,2020-07-31,Section 1 - White Belt,5:00 PM
2,2020-07-31,Section 2 - Yellow Through Black Belt,6:30 PM
3,2020-10-31,Section 1 - White Belt,5:00 PM
4,2020-10-31,Section 2 - Yellow Through Black Belt,6:30 PM
5,2021-01-29,Section 1 - White Belt,5:00 PM
6,2021-01-29,Section 2 - Yellow Through Black Belt,6:30 PM
7,2021-04-30,Section 1 - White Belt,5:00 PM
8,2021-04-30,Section 2 - Yellow and Orange,6:30 PM
9,2021-04-30,Section 3 - Green Through Black,8:00 PM
10,2021-07-31,Section 1 - White Belt,5:00 PM
11,2021-07-31,Section 2 - Yellow and Orange,6:30 PM
12,2021-07-31,Section 3 - Green Through Black,8:00 PM
