Belt_Exam_Registration_ID,Fee_Paid,Pass/Fail,Student_ID,Exam_ID
1,Paid,Pass,1,1
2,Paid,Pass,2,1
3,Paid,Pass,3,1
4,Paid,Pass,4,1
5,Paid,Pass,5,1
6,Paid,Pass,6,1
7,Paid,Pass,11,1
8,Paid,Pass,12,1
9,Paid,Pass,13,1
10,Paid,Pass,15,1
11,Paid,Pass,16,1
12,Paid,Pass,23,1
13,Paid,Pass,75,1
14,Paid,Pass,9,2
15,Paid,Pass,10,2
16,Paid,Pass,20,2
17,Paid,Pass,28,2
18,Paid,Pass,60,2
19,Paid,Pass,7,3
20,Paid,Pass,8,3
21,Paid,Pass,14,3
22,Paid,Pass,17,3
23,Paid,Pass,18,3
24,Paid,Pass,19,3
25,Paid,Pass,21,3
26,Paid,Pass,22,3
27,Paid,Pass,25,3
28,Paid,Pass,26,3
29,Paid,Pass,27,3
30,Paid,Pass,29,3
31,Paid,Pass,30,3
32,Paid,Pass,31,3
33,Paid,Pass,32,3
34,Paid,Pass,33,3
35,Paid,Pass,34,3
36,Paid,Pass,35,3
37,Paid,Pass,36,3
38,Paid,Pass,37,3
39,Paid,Pass,38,3
40,Paid,Pass,46,3
41,Paid,Pass,47,3
42,Paid,Pass,48,3
43,Paid,Pass,50,3
44,Paid,Pass,80,3
45,Paid,Pass,92,3
46,Paid,Pass,1,4
47,Paid,Pass,2,4
48,Paid,Pass,3,4
49,Paid,Pass,4,4
50,Paid,Pass,5,4
51,Paid,Pass,6,4
52,Paid,Pass,11,4
53,Paid,Pass,12,4
54,Paid,Pass,13,4
55,Paid,Pass,15,4
56,Paid,Pass,16,4
57,Paid,Pass,23,4
58,Paid,Pass,75,4
59,Paid,Pass,9,4
60,Paid,Pass,10,4
61,Paid,Pass,20,4
62,Paid,Pass,28,4
63,Paid,Pass,60,4
64,Paid,Pass,39,5
65,Paid,Pass,40,5
66,Paid,Pass,41,5
67,Paid,Pass,42,5
68,Paid,Pass,43,5
69,Paid,Pass,44,5
70,Paid,Pass,45,5
71,Paid,Pass,49,5
72,Paid,Pass,51,5
73,Paid,Pass,52,5
74,Paid,Pass,53,5
75,Paid,Pass,54,5
76,Paid,Pass,55,5
77,Paid,Pass,56,5
78,Paid,Pass,57,5
79,Paid,Pass,58,5
80,Paid,Pass,59,5
81,Paid,Pass,62,5
82,Paid,Pass,81,5
83,Paid,Pass,86,5
84,Paid,Pass,87,5
85,Paid,Pass,90,5
86,Paid,Pass,94,5
87,Paid,Pass,1,6
88,Paid,Pass,2,6
89,Paid,Pass,3,6
90,Paid,Pass,4,6
91,Paid,Pass,5,6
92,Paid,Pass,6,6
93,Paid,Pass,11,6
94,Paid,Pass,12,6
95,Paid,Pass,13,6
96,Paid,Pass,15,6
97,Paid,Pass,16,6
98,Paid,Pass,23,6
99,Paid,Pass,75,6
100,Paid,Pass,9,6
101,Paid,Pass,10,6
102,Paid,Pass,20,6
103,Paid,Pass,28,6
104,Paid,Pass,60,6
105,Paid,Pass,7,6
106,Paid,Pass,8,6
107,Paid,Pass,14,6
108,Paid,Pass,17,6
109,Paid,Pass,18,6
110,Paid,Pass,19,6
111,Paid,Pass,21,6
112,Paid,Pass,22,6
113,Paid,Pass,25,6
114,Paid,Pass,26,6
115,Paid,Pass,27,6
116,Paid,Pass,29,6
117,Paid,Pass,30,6
118,Paid,Pass,31,6
119,Paid,Pass,32,6
120,Paid,Pass,33,6
121,Paid,Pass,34,6
122,Paid,Pass,35,6
123,Paid,Pass,36,6
124,Paid,Pass,37,6
125,Paid,Pass,38,6
126,Paid,Pass,46,6
127,Paid,Pass,47,6
128,Paid,Pass,48,6
129,Paid,Pass,50,6
130,Paid,Pass,80,6
131,Paid,Pass,92,6
132,Paid,,64,7
133,Paid,,67,7
134,Paid,,69,7
135,Paid,,93,7
136,Paid,,72,7
137,Paid,,96,7
138,Paid,,97,7
139,Paid,,91,7
140,Not Paid,,61,7
141,Paid,,71,7
142,Paid,,65,7
143,Paid,,74,7
144,Paid,,95,7
145,Paid,,68,7
146,Paid,,70,7
147,Paid,,84,7
148,Paid,,73,7
149,Not Paid,,78,7
150,Paid,,85,7
151,Paid,,77,7
152,Paid,,76,7
153,Paid,,88,7
154,Not Paid,,79,7
155,Paid,,98,7
156,Paid,,99,7
157,Not Paid,,100,7
158,Paid,,39,8
159,Paid,,40,8
160,Paid,,41,8
161,Not Paid,,42,8
162,Paid,,43,8
163,Paid,,44,8
164,Paid,,45,8
165,Paid,,49,8
166,Paid,,51,8
167,Paid,,52,8
168,Not Paid,,53,8
169,Paid,,54,8
170,Paid,,55,8
171,Paid,,56,8
172,Paid,,57,8
173,Paid,,58,8
174,Paid,,59,8
175,Paid,,62,8
176,Paid,,81,8
177,Paid,,86,8
178,Paid,,87,8
179,Paid,,90,8
180,Paid,,94,8
181,Paid,,7,8
182,Paid,,8,8
183,Not Paid,,14,8
184,Paid,,17,8
185,Paid,,18,8
186,Paid,,19,8
187,Not Paid,,21,8
188,Paid,,22,8
189,Paid,,25,8
190,Paid,,26,8
191,Paid,,27,8
192,Paid,,29,8
193,Not Paid,,30,8
194,Paid,,31,8
195,Paid,,32,8
196,Paid,,33,8
197,Not Paid,,34,8
198,Not Paid,,35,8
199,Paid,,36,8
200,Not Paid,,37,8
201,Paid,,38,8
202,Paid,,46,8
203,Paid,,47,8
204,Paid,,48,8
205,Paid,,50,8
206,Paid,,80,8
207,Paid,,92,8
208,Paid,,1,9
209,Paid,,2,9
210,Not Paid,,3,9
211,Paid,,4,9
212,Paid,,5,9
213,Paid,,6,9
214,Paid,,11,9
215,Paid,,12,9
216,Paid,,13,9
217,Paid,,15,9
218,Paid,,16,9
219,Paid,,23,9
220,Paid,,75,9
221,Paid,,9,9
222,Not Paid,,10,9
223,Paid,,20,9
224,Paid,,28,9
225,Paid,,60,9
