﻿Class ID,Class Type,Class Status ID,Class Days,Class_Length,Course_ID
1,White Belt Class Section 1,1,M  W F,40 Minutes,1
2,White Belt Class Section 2,1,T TH,40 Minutes,1
3,Yellow Belt Class Section 1,1,M W,40 Minutes,2
4,Yellow Belt Class Section 2,1,T TH,40 Minutes,2
5,Orange Belt Class Section 1,1,M W,40 Minutes,3
6,Orange Belt Class Section 2,1,T TH,40 Minutes,3
7,Green-Poom Belt Class Section 1,1,M W,40 Minutes,4
8,Green-Poom Belt Class Section 2,1,T TH,40 Minutes,4
9,Family Class Section 1,1,M W,40 Minutes,5
10,Family Class Section 2,1,Sa,40 Minutes,5
11,Adult Class Section 1,1,T TH,40 Minutes,6
12,Sparring Class Section 1,1,F,40 Minutes,7
13,All Belt Class Section 1,1,Sa,40 Minutes,8
14,Color Belt Class Section 1,1,F,40 Minutes,9
15,Blue-Black Belt Class Section 1,2,F,40 Minutes,10
16,Blue-Black Belt Class Section 2,2,F,40 Minutes,10
