﻿Class_Registration_ID,Class_Registration_Name,Class_ID,Student_ID
1,Green - Poom Class Mon Wed,7,1
2,Green - Poom Class Tue Thu,8,1
3,Sparring Class Fri,12,1
4,All Belt Class Sat,13,1
5,Green - Poom Class Mon Wed,7,2
6,Sparring Class Fri,12,2
7,Green - Poom Class Mon Wed,7,3
8,Color Belt Class Fri,14,3
9,Green - Poom Class Mon Wed,7,4
10,Green - Poom Class Tue Thu,8,4
11,Sparring Class Fri,12,4
12,All Belt Class Sat,13,4
13,Green - Poom Class Mon Wed,7,5
14,Color Belt Class Fri,14,5
15,Green - Poom Class Mon Wed,7,6
16,Color Belt Class Fri,14,6
17,Orange Belt Class Mon Wed,5,7
18,All Belt Class Sat,13,7
19,Orange Belt Class Mon Wed,5,8
20,All Belt Class Sat,13,8
21,Green - Poom Class Mon Wed,7,9
22,Green - Poom Class Tue Thu,8,9
23,Sparring Class Fri,12,9
24,All Belt Class Sat,13,9
25,Green - Poom Class Mon Wed,7,10
26,Green - Poom Class Tue Thu,8,10
27,Sparring Class Fri,12,10
28,All Belt Class Sat,13,10
29,Green - Poom Class Mon Wed,7,11
30,Color Belt Class Fri,14,11
31,Green - Poom Class Mon Wed,7,12
32,Color Belt Class Fri,14,12
33,Green - Poom Class Mon Wed,7,13
34,Green - Poom Class Tue Thu,8,13
35,Color Belt Class Fri,14,13
36,All Belt Class Sat,13,13
37,Orange Belt Class Mon Wed,5,14
38,Orange Belt Class Tue Thu,6,14
39,Color Belt Class Fri,14,14
40,All Belt Class Sat,13,14
41,Green - Poom Class Mon Wed,7,15
42,Family Class Sat,10,15
43,Green - Poom Class Mon Wed,7,16
44,Family Class Sat,10,16
45,Orange Belt Class Mon Wed,5,17
46,Orange Belt Class Tue Thu,6,17
47,Color Belt Class Fri,14,17
48,All Belt Class Sat,13,17
49,Orange Belt Class Mon Wed,5,18
50,Color Belt Class Fri,14,18
51,Orange Belt Class Mon Wed,5,19
52,All Belt Class Sat,13,19
53,Green - Poom Class Mon Wed,7,20
54,Sparring Class Fri,12,20
55,Orange Belt Class Mon Wed,5,21
56,Orange Belt Class Tue Thu,6,21
57,Color Belt Class Fri,14,21
58,All Belt Class Sat,13,21
59,Orange Belt Class Tue Thu,6,22
60,All Belt Class Sat,13,22
61,Adult Class Tue Thu,11,23
62,Family Class Sat,10,23
63,Adult Class Tue Thu,11,24
64,Family Class Sat,10,24
65,Orange Belt Class Tue Thu,6,25
66,Color Belt Class Fri,14,25
67,Orange Belt Class Tue Thu,6,26
68,All Belt Class Sat,13,26
69,Orange Belt Class Mon Wed,5,27
70,All Belt Class Sat,13,27
71,Green - Poom Class Mon Wed,7,28
72,Sparring Class Fri,12,28
73,Orange Belt Class Mon Wed,5,29
74,Orange Belt Class Tue Thu,6,29
75,Color Belt Class Fri,14,29
76,All Belt Class Sat,13,29
77,Orange Belt Class Mon Wed,5,30
78,Orange Belt Class Tue Thu,6,30
79,Color Belt Class Fri,14,30
80,All Belt Class Sat,13,30
81,Orange Belt Class Mon Wed,5,31
82,Color Belt Class Fri,14,31
83,Orange Belt Class Tue Thu,6,32
84,Color Belt Class Fri,14,32
85,Orange Belt Class Mon Wed,5,33
86,Color Belt Class Fri,14,33
87,Adult Class Tue Thu,11,34
88,Family Class Sat,10,34
89,Orange Belt Class Tue Thu,6,35
90,All Belt Class Sat,13,35
91,Adult Class Tue Thu,11,36
92,Family Class Sat,10,36
93,Orange Belt Class Tue Thu,6,37
94,Color Belt Class Fri,14,37
95,Orange Belt Class Tue Thu,6,38
96,All Belt Class Sat,13,38
97,Yellow Belt Class Tue Thu,4,39
98,Color Belt Class Fri,14,39
99,Yellow Belt Class Mon Wed,3,40
100,All Belt Class Sat,13,40
101,Yellow Belt Class Mon Wed,3,41
102,All Belt Class Sat,13,41
103,Yellow Belt Class Mon Wed,3,42
104,Color Belt Class Fri,14,42
105,Yellow Belt Class Tue Thu,4,43
106,Color Belt Class Fri,14,43
107,Yellow Belt Class Tue Thu,4,44
108,Color Belt Class Fri,14,44
109,Yellow Belt Class Mon Wed,3,45
110,Color Belt Class Fri,14,45
111,Orange Belt Class Tue Thu,6,46
112,Family Class Mon Wed,9,46
113,Family Class Sat,10,46
114,Orange Belt Class Tue Thu,6,47
115,Family Class Mon Wed,9,47
116,Family Class Sat,10,47
117,Family Class Mon Wed,9,48
118,Adult Class Tue Thu,11,48
119,Family Class Sat,10,48
120,Orange Belt Class Tue Thu,6,50
121,Color Belt Class Fri,14,50
122,Yellow Belt Class Mon Wed,3,51
123,Color Belt Class Fri,14,51
124,Yellow Belt Class Mon Wed,3,52
125,Yellow Belt Class Tue Thu,4,52
126,Color Belt Class Fri,14,52
127,All Belt Class Sat,13,52
128,Yellow Belt Class Mon Wed,3,53
129,Yellow Belt Class Tue Thu,4,53
130,Color Belt Class Fri,14,53
131,All Belt Class Sat,13,53
132,Yellow Belt Class Mon Wed,3,54
133,All Belt Class Sat,13,54
134,Family Class Mon Wed,9,55
135,All Belt Class Sat,13,55
136,Family Class Mon Wed,9,56
137,All Belt Class Sat,13,56
138,Family Class Mon Wed,9,57
139,All Belt Class Sat,13,57
140,Yellow Belt Class Mon Wed,3,58
141,Yellow Belt Class Tue Thu,4,58
142,Color Belt Class Fri,14,58
143,All Belt Class Sat,13,58
144,Yellow Belt Class Tue Thu,4,59
145,All Belt Class Sat,13,59
146,Green - Poom Class Mon Wed,7,60
147,Green - Poom Class Tue Thu,8,60
148,Sparring Class Fri,12,60
149,All Belt Class Sat,13,60
150,White Belt Class Mon Wed Fri,1,61
151,White Belt Class Tue Thu,2,61
152,Family Class Sat,10,61
153,Family Class Mon Wed,9,62
154,Adult Class Tue Thu,11,62
155,All Belt Class Sat,13,62
156,Adult Class Tue Thu,11,63
157,Family Class Sat,10,63
158,Family Class Mon Wed,9,64
159,Adult Class Tue Thu,11,64
160,Family Class Sat,10,64
161,Family Class Mon Wed,9,65
162,Adult Class Tue Thu,11,65
163,All Belt Class Sat,13,65
164,Family Class Mon Wed,9,66
165,Adult Class Tue Thu,11,66
166,Family Class Sat,10,66
167,Family Class Mon Wed,9,67
168,Adult Class Tue Thu,11,68
169,Family Class Sat,10,68
170,Family Class Mon Wed,9,69
171,Family Class Mon Wed,9,70
172,Adult Class Tue Thu,11,71
173,All Belt Class Sat,13,71
174,Adult Class Tue Thu,11,72
175,Family Class Sat,10,72
176,Adult Class Tue Thu,11,73
177,All Belt Class Sat,13,73
178,Adult Class Tue Thu,11,74
179,All Belt Class Sat,13,74
180,Green - Poom Class Mon Wed,7,75
181,All Belt Class Sat,13,75
182,Family Class Mon Wed,9,76
183,Adult Class Tue Thu,11,77
184,Family Class Sat,10,77
185,Adult Class Tue Thu,11,78
186,Family Class Sat,10,78
187,Family Class Mon Wed,9,79
188,Adult Class Tue Thu,11,80
189,Family Class Sat,10,80
190,Yellow Belt Class Mon Wed,3,81
191,Yellow Belt Class Tue Thu,4,81
192,Color Belt Class Fri,14,81
193,All Belt Class Sat,13,81
194,White Belt Class Mon Wed Fri,1,82
195,White Belt Class Tue Thu,2,82
196,All Belt Class Sat,13,82
197,Family Class Mon Wed,9,83
198,Adult Class Tue Thu,11,83
199,All Belt Class Sat,13,83
200,White Belt Class Mon Wed Fri,1,84
201,White Belt Class Tue Thu,2,84
202,Family Class Sat,10,84
203,Adult Class Tue Thu,11,85
204,Family Class Sat,10,85
205,Adult Class Tue Thu,11,86
206,All Belt Class Sat,13,86
207,Family Class Mon Wed,9,87
208,Adult Class Tue Thu,11,87
209,All Belt Class Sat,13,87
210,Family Class Mon Wed,9,88
211,Adult Class Tue Thu,11,88
212,Family Class Sat,10,88
213,Adult Class Tue Thu,11,89
214,Family Class Sat,10,89
215,Adult Class Tue Thu,11,90
216,All Belt Class Sat,13,90
217,Adult Class Tue Thu,11,91
218,All Belt Class Sat,13,91
219,Adult Class Tue Thu,11,92
220,Family Class Mon Wed,9,93
221,Adult Class Tue Thu,11,93
222,Family Class Sat,10,93
223,Adult Class Tue Thu,11,94
224,All Belt Class Sat,13,94
225,Family Class Mon Wed,9,95
226,Adult Class Tue Thu,11,95
227,All Belt Class Sat,13,95
228,Family Class Mon Wed,9,96
229,Adult Class Tue Thu,11,96
230,Family Class Sat,10,96
231,White Belt Class Mon Wed Fri,1,97
232,White Belt Class Tue Thu,2,97
233,Family Class Sat,10,97
234,White Belt Class Mon Wed Fri,1,98
235,White Belt Class Tue Thu,2,98
236,Family Class Sat,10,98
237,Family Class Mon Wed,9,99
238,Adult Class Tue Thu,11,99
239,All Belt Class Sat,13,99
240,Family Class Mon Wed,9,100
241,Adult Class Tue Thu,11,100
242,All Belt Class Sat,13,100
