﻿Course ID,Course Name,Course Information,Course Status ID
1,White Belt,Lessons offered to students who have a rank of white belt ,1
2,Yellow Belt,Lessons offered to students who have a rank of yellow belt ,1
3,Orange Belt,Lessons offered to students who have a rank of orange belt ,1
4,Green-Poom,Lessons offered to students who have a rank of green to beginner black,1
5,Family Class,Lessons offered with no belt level restriction to students who are part of a family and are 4 and above,1
6,Adult Class,Lessons offered to students with no belt level restriction and who are 15 and above,1
7,Sparring Class,Lessons offered to students of green belt level and up who participate in live combat,1
8,All Belt,Lessons offered to students of all belt levels,1
9,Color Belt,Lessons offered to students of all belt levels except white,1
10,Blue-Black,Lessons offered to students who have a rank of Blue to beginner black,2
