Employee_Feedback_ID,Employee_Rating,Employee_Comment,Employee_ID
1,3 out of 5,Employee Clary Brannon did a sufficient amount of instruction for new students,10
2,5 out of 5,Employee Lothaire Vaskov did a fantastic job at aiding in instructing the session,2
3,2 out of 5,Instructor Jungtak Jin didn't work well with my child,1
4,2 out of 5,Had a hard time keeping up with Instructor Jungtak Jin and his schedule,1
5,5 out of 5,Loved the way Employee Elli Coneau taught my two children,5
6,5 out of 5,Employee  Lothaire Vaskov was consistent and excellent in her teaching,2
7,4 out of 5,Instructor Jungtak Jin a great instructor but couldn't keep up with his schedule,1
8,1 out of 5,Employee Colver Kaemena made it unenjoyable to attend,9
9,5 out of 5,Employee Drugi Buyers is a great instructor who gets straight to the point,8
10,2 out of 5,Employee Constantine Alans and their Instructions given weren't articulate enough for my child to understand,7
11, 1 out of 5,Employee Kinny Muncer had a nasty attitude,6
12,4 out of 5,Employee Nerty Daveren had slight communication issues but overall good.,3
13,5 out of 5,Employee Clary Brannon my son improve fast and efficiently,10
14,2 out of 5,Instructor Jungtak Jin and his teaching style was difficult for my children to follow,1
15,2 out of 5,Didn't like the way Employee Mata Swarbrick treated my child when he didn't understand,4
16,1 out of 5,Instructor Jungtak Jin and his schedule was too conflicting with ours,1
17,2 out of 5,Employee Colver Kaemena continued to treat me disrespectfully,9
18,3 out of 5,Instructor Jungtak Jin has pretty okay instruction but doesn't offer anything different from other studios,1
19,4 out of 5,Employee Elli Coneau works great with children especially with those new to tae-kwon-do,5
20,5 out of 5,Instructor Jungtak Jin is a very great teacher who helps you get better both mentally and physically,1
21,5 out of 5,A great place to learn because Instructor Jungtak Jin is patient and a great teacher,1
22,4 out of 5,Employee Elli Coneau is very kind and helpful for my child,5
23,4 out of 5,Instructor Jungtak Jin makes classes challenging but fun at the same time,1
