Employee_ID,Employee_FirstName,Employee_LastName,Employee_Gender,Employee_Phone,Employee_Email,Employee_Street,Employee_City,Employee_Zipcode,Employee_StartDate,Employee_EndDate,Country_ID,State_ID,Employee_Title,Employee_Status_ID
1,Jungtak,Jin,M,(281)-691-1675,masterjinstkd@gmail.com,4652 Scofield Pass,Tomball,77377,2020-03-03,,188,47,2,1
2,Lothaire,Vaskov,M,(281)-482-9308,lvaskov1@ask.com,2893 Sheridan Place,Tomball,77377,2020-04-15,,188,47,1,3
3,Nerty,Daveren,F,(281)-507-0213,ndaveren2@ihg.com,177 Colorado Court,Tomball,77377,2020-03-24,,188,47,1,1
4,Mata,Swarbrick,M,(281)-532-9434,mswarbrick3@wiley.com,8954 Mcguire Alley,Tomball,77377,2020-03-27,2020-08-21,188,47,1,5
5,Elli,Coneau,F,(281)-475-4275,econeau4@angelfire.com,2 Evergreen Parkway,Tomball,77377,2020-04-19,2020-12-15,188,47,1,2
6,Kinny,Muncer,M,(281)-413-2337,kmuncer5@feedburner.com,37 Merrick Alley,Tomball,77377,2020-03-23,,188,47,1,4
7,Constantine,Alans,F,(281)-277-9238,calans6@hhs.gov,4 Loftsgordon Hill,Tomball,77377,2020-04-10,,188,47,1,1
8,Drugi,Buyers,M,(281)-273-5069,dbuyers7@cbc.com,6 Melrose Center,Tomball,77377,2020-04-25,,188,47,3,1
9,Colver,Kaemena,M,(281)-533-1696,ckaemena8@bloglovin.com,95 Monterey Point,Tomball,77377,2020-04-01,,188,47,3,1
10,Clary,Brannon,F,(281)-516-5746,cbrannon9@chronoengine.com,7 Service Court,Tomball,77377,2020-04-07,,188,47,4,1
