Guardian ID,Guardian First Name,Guardian Last Name,Guardian Phone,Guardian Email,Guardian Street,Guardian City,Guardian Zipcode,Guardian Relationship ID
1,BYRON,GANNON,713-775-6993,BYRONGANNON_BNB@YAHOO.COM,15402 LADY SHERY LN ,CYPRESS,77429,2
2,GABRIELA,MELENDEZ,832-904-9940,GABY.MELENDEZ@ME.COM,13710 POINTED DEGE LN ,CYPRESS,77429,1
3,MADHAVAN,VIJAYASEKARAN,346-331-8030,MADHANVAN.VIJAYASEKARAN@GMAIL.COM,13603 NEARPOINT LANE ,TOMBALL,77377,4
4,BETSY,WILKINS,713-206-8854,BWILKINS@BURNSMCD.COM,14219 MOHICAN DR ,CYPRESS,77429,3
5,ROBERT,HUGHES,732-930-4076,KNIGHTRIDER1031@MSN.COM,12101 NORTHPOINTE BLVD ,TOMBALL,77377,2
6,TONYA,TAYLOR,281-705-7999,TONYATAYLOR1313@GMAIL.COM,14935 TWILIGHT KNOLL TR ,CYPRESS,77429,1
7,JAMES,CIONI,936-661-3027,JAMESCIONI@YAHOO.COM,12603 NEW HAMPTON DRIVE ,TOMBALL,77377,2
8,REETU,GUPTA,518-892-1325,DID NOT PROVIDE,18726 GULF SHADOW DR ,TOMBALL,77429,1
9,HEATHER,WILLAEL,865-201-1763,HMWILLARD24@YAHOO.COM,15506 KENSINGTON BLUFF DR ,CYPRESS,77429,1
10,MARC,ROUGERON,832-723-9501,MARC.ROUGERON@GMAIL.COM,18710 WINDING ATWOOD LN ,TOMBALL,77377,2
11,OSMANY,BALUJA,832-551-9983,OSMANYBALUJA@GMAIL.COM,14006 PAWNEE TRAILS DR ,CYPRESS,77429,2
12,PAUL,COATON,713-882-8428,BCOATON@GMAIL.COM,18514 WEEPING SPRING DR ,CYPRESS,77429,2
13,QUEEN,TRAN,832-466-2863,QTAHH718@YAHOO.COM,11740 NORTHPOINTE BLVD #902 ,TOMBALL,77377,1
14,BEAU,TIBBS,713-419-7185,ET1090@GMAIL.COM,12311 NORTHPOINTE RIDGE LN ,TOMBALL,77377,1
15,CHRIS,GRAF,254-495-9500,CHRISTOPHERMGRAF@GMAIL.COM,19126 BLUE HILL LN ,TOMBALL,77377,2
16,JENNFER,GRUBBS,281-227-2301,GRUBBSJJ@GMAIL.COM,15114 TELGE LAKE TRAIL ,CYPRESS,77429,1
17,LIRILEI,ROSE JUNTILLA,703-909-7407,LORILEIJUNTILLA@GMAIL.COM,18015 TALL CHESTNUT ST ,CYPRESS,77429,1
18,MICHELLE,BACOT,832-696-9603,MAMABACOT@GMAIL.COM,13626 BUTTERFLY BUSH LN ,TOMBALL,77377,1
19,LEO,CORLEY,832-229-3335,LEOCORLEY@GMAIL.COM,12031 ECHO CANYON ,TOMBALL,77377,2
20,CRAIG,DOHERTY,713-885-4463,CHRISDOHERTY@YAHOO.COM,15819 COUNTRY TRAIL ,TOMBALL,77377,2
21,ALEX,DULLE,573-821-4303,JACKDULLE@GMAIL.COM,18715 ODEN TRACE DR ,TOMBALL,77377,2
22,CATELYN,REYNOLDS,832-922-0097,CATELYNREYNOLDS1123@GMAIL.COM,12726 BENTON PARK LANE ,TOMBALL,77377,2
23,RYAN,LOVELL,832-723-8854,RDLOVELL78@YAHOO.COM,14939 CODYS RUN ,CYPRESS,77429,2
24,ISHTARSHNA,QUINN,713-504-1630,TJQUINNTJ@GMAIL.COM,18103 IRIS EDGE WAY ,CYPRESS,77429,1
25,RICHARD,BRANHAM,832-721-0616,RBRANHAM12@GMAIL.COM,13014 HAZELWOOD HOLLOW DR ,TOMBALL,77377,2
26,NORA,LEON ALVA,847-915-9205,NORAAPVY@HOTMAIL.COM,12331 CLARESHOLM DR ,TOMBALL,77377,1
27,JESSICA,NASSIF,832-627-8651,JESSICA.NA@HOTMAIL.COM,12303 NORTHFORK BEND CT ,TOMBALL,77377,1
28,LUDIVINE,ROUGERON,832-723-9501,ROUGERONLUDIVINE@GMAIL.COM,18710 WINDING ATWOOD LN ,TOMBALL,77377,1
29,NICOLE,ALEXANDER,832-723-5234,NICKIE319@HOTMAIL.COM,15227 HOLLOWAY HILLS TR ,TOMBALL,77429,1
30,RORY,CATON,512-809-6059,RORY.CATON@GMAIL.COM,19007 WINDING ATWOOD LN ,TOMBALL,77377,2
31,VICKY,NGUYEN,832-620-1418,KIMANNVIVI@GMAIL.COM,11614 SUMMERSTONE CT ,TOMBALL,77377,1
32,VICKY,NGUYEN,832-620-1418,KIMANNVIVI@GMAIL.COM,11614 SUMMERSTONE CT ,TOMBALL,77377,7
33,CANDICE,BLAKELEY,713-294-9700,CANDICEBLAKELEY@GMAIL.COM,18902 CALLEPINE LN ,TOMBALL,77377,1
34,SUSAN,LE,832-477-1133,LOVELE39@YAHOO.COM,17914 HOUSE MARTIN LN ,CYPRESS,77429,1
35,JOSEPH,HOANG,346-379-9269,JOSEPHOANG@YAHOO.COM,18719 EVANHALE BEND DR ,CYPRESS,77429,2
36,HUERTA,VICTOR,956-655-5801,VICTORFHUERTA@GMAIL.COM,18618 WEEPING SPRING DR ,CYPRESS,77425,2
37,NICHOLAS,VIGIL,713-416-5165,VIGIL75063@GMAIL.COM,14919 KENTON PL LN ,CYPRESS,77429,2
38,JUAN,GARCIA,281-235-7931,THEGARCIAS1518@GMAIL.COM,19010 PINEWOOD POINT LN ,TOMBALL,77377,2
39,PRISCILLA,REYES,580-475-6533,PRISCILLA2974@MSN.COM,15302 THOMPSON RIDGE DR ,CYPRESS,77429,1
40,TRINH,HOANG,361-220-9363,TRINHHOANG1982@YAHOO.COM,12514 CANNONWOOD LN,HOUSTON,77070,1
41,CELSEY,SANDBURG,281-732-6242,CELSEYSANDBURG@YAHOO.COM,17915 TALL CHESTNUT ST ,CYPRESS,77427,1
42,JONATHAN,COEN,832-298-9328,JONATHAN.D.COEN@GMAIL.COM,13607 LAKE VISTA DR ,TOMBALL,77377,2
43,RENEE,HOUSE,315-335-6399,RHOUSE0911@GMAIL.COM,15810 OAK ISLAND DR ,TOMBALL,77377,2
44,GINA,ADAMS,832-298-7884,GINASMM@YAHOO.COM,12230 BRIGHTON BROOK LN ,TOMBALL,77377,1
45,AUDREY,ROHDE,832-458-6258,AUDREYMASON2011@GMAIL.COM,19022 BLUESTONE HOLLOW LN ,TOMBALL,77377,1
46,ROBIN,DARENSBOURG,713-870-2876,DID NOT PROVIDE,15514 ROYAL TRACE CT ,CYPRESS,77429,1
47,HENRY,WILKINS,832-667-8663,HUGHESROB68@YAHOO.COM,17979 SUSAN PARKWAY,TOMBALL,77377,2
48,JERRY,PAXTON,832-313-9645,WILKINSFRA45@YAHOO.COM,11462 HERMINA PARKWAY,TOMBALL,77377,2
49,LUKE,NELSON,232-113-9321,PAXTONJER47@YAHOO.COM,11539 RANDY TRAIL,TOMBALL,77377,10
50,BOB,WEBSTER,532-343-5542,NELSONFAI22@YAHOO.COM,18405 WARBLER COURT,TOMBALL,77377,2
51,TERRY,WYATT,832-153-6423,WEBSTERBOB70@YAHOO.COM,15412 BULTMAN PASS,TOMBALL,77377,4
52,JENN,LE,512-323-6542,WYATTTER62@YAHOO.COM,11148 6TH PLAZA,TOMBALL,77377,5
53,PAUL,NGUYEN,432-330-1352,LETOR19@YAHOO.COM,16605 KENSINGTON AVENUE,TOMBALL,77429,4
54,LESLIE,SMITH,832-320-1642,NGUYENPAU24@YAHOO.COM,03282 MESTA PARK,TOMBALL,77429,5
55,KEVON,WILLIAMS,832-644-1434,SMITHLES72@YAHOO.COM,10558 COOLIDGE CENTER,TOMBALL,77377,10
56,HENRY,DAVIS,713-124-9124,WILLIAMSMAD17@YAHOO.COM,1164 MESSERSCHMIDT WAY,TOMBALL,77377,6
57,YSABELL,HARRIS,832-427-1112,DAVISHEN18@YAHOO.COM,58761 MAPLE WAY,TOMBALL,77377,10
58,SARAH,RYDER,532-438-8764,HARRISPRE63@YAHOO.COM,73901 MANITOWISH TRAIL,TOMBALL,77377,10
59,REDDY,HARLEY,346-375-9865,RYDERTYL9@YAHOO.COM,81801 WARBLER COURT,TOMBALL,77377,8
60,WILL,ALLEN,346-379-9766,HARLEYRED27@YAHOO.COM,11942 HOLY CROSS AVENUE,TOMBALL,77429,6
61,GARRY,ANGUS,346-389-9888,ALLENWIL74@YAHOO.COM,11323 HAYES TERRACE,TOMBALL,77429,4
62,VALERIE,THORNTON,256-622-5465,ANGUSKEV41@YAHOO.COM,14957 MOULTON PARK,TOMBALL,77429,5
63,ASHLEY,HUDNALL,713-455-5165,THORNTONVAL13@YAHOO.COM,14201 BLUEJAY JUNCTION,TOMBALL,77429,3
64,ANNA,HENRYSON,281-235-4542,HUDNALLASH34@YAHOO.COM,17314 TOBAN AVENUE,TOMBALL,77377,10
65,GARY,STEVENS,580-454-1111,HENRYSONJOH55@YAHOO.COM,14810 KEDZIE AVENUE,TOMBALL,77377,4
66,CINDY,ARCHER,321-234-1325,STEVENSGAR23@YAHOO.COM,15349 SCHILLER PARKWAY,TOMBALL,77377,3
67,BRITTANY,TALIA,281-711-6431,ARCHERCIN41@YAHOO.COM,12347 RUSKIN PARK,TOMBALL,77377,10
68,ERICK,QUEEN,832-111-9431,TALIATOD38@YAHOO.COM,12909 SAGE CIRCLE,TOMBALL,77377,8
69,HALLIE,OSBORNE,232-245-6475,QUEENERI53@YAHOO.COM,121 GARRISON PASS,TOMBALL,77377,1
70,ETHAN,KELLEY,832-345-9655,OSBORNEHAL88@YAHOO.COM,60 MEADOW VALLEY CIRCLE,TOMBALL,77429,9
71,JOSE,HARRISON,315-225-6111,KELLEYANG2@YAHOO.COM,2 BRICKSON PARK PLAZA,TOMBALL,77429,6
72,VINCENT,TRAN,832-555-7833,HARRISONJOS8@YAHOO.COM,7947 LUDINGTON LANE,TOMBALL,77377,4
73,LARRY,NGUYEN,832-433-6432,TRANVIN22@YAHOO.COM,67 GOLDEN LEAF TRAIL,TOMBALL,77377,2
74,LAUREN,LE,713-834-6643,NGUYENLAR76@YAHOO.COM,897 SCHLIMGEN POINT,TOMBALL,77377,3
75,PEPPER,SAMPSON,732-960-4987,LELAU64@YAHOO.COM,353 LYONS COURT,TOMBALL,77377,10
76,JACK,EARNEST,332-345-9655,SAMPSONDEX51@YAHOO.COM,632 SACHTJEN WAY,TOMBALL,77377,11
77,TOM,JACKSON,315-225-6111,EARNESTDAV5@YAHOO.COM,9092 ORIN STREET,TOMBALL,77429,2
78,LINDSEY,WATTS,832-555-7833,JACKSONTOM18@YAHOO.COM,05 TEXAS CENTER,TOMBALL,77429,9
79,ALYSSA,TERRA,132-123-6432,WATTSLIN23@YAHOO.COM,42 WAXWING PLACE,TOMBALL,77429,11
80,ALEC,RONALD,743-834-6643,TERRAALY55@YAHOO.COM,851 NANCY ALLEY,TOMBALL,77429,2
81,ANDY,CHEN,412-960-4432,RONALDALE19@YAHOO.COM,2 LAUREL CENTER,TOMBALL,77377,8
82,CHRSTINA,FREEMAN,822-434-1434,CHENAND99@YAHOO.COM,198 MEADOW VALLEY PLAZA,TOMBALL,77377,11
83,JAZMINE,ELWIN,243-124-9124,FREEMANCHR35@YAHOO.COM,1 HOMEWOOD CENTER,TOMBALL,77377,9
84,KATHERINE,BRIDGES,122-427-1242,ELWINJOS77@YAHOO.COM,0163 LINDBERGH CROSSING,TOMBALL,77377,10
