﻿Incident ID,Incident Description,Incident Type ID
1,Tanner rolled his ankle ,4
2,Matias broke a kick pad,4
3,Hunter bruised his right foot after kicking the pad using wrong form,4
4,Liam rolled his right ankle ,4
5,Emily rolled her right ankle ,4
6,Baine sprained his right ankle,4
7,Caroline sprained his left ankle,4
8,Dexter sprained neck during training,4
9,Ryder was reported for inappropriate behaviour,12
10,Khloe broke a tooth after missing a kick ,4
11,Michael was reported for feeling sick,7
12,Faithe was reported for feeling sick,7
13,Kim was reported for feeling sick,7
14,Kay broke he middle finger practices her punches against the wall,4
15,Paxton was reported for inappropriate behaviour,7
16,Maddie was reported for inappropriate behaviour,7
17,Tyler was reported for inappropriate behaviour,7
18,Preston was reported for inappropriate behaviour,7
19,Kevin busted his lip sparring ,4
20,Perry busted his lip sparring ,4
21,John busted his lip sparring ,4
22,Dennis busted his lip sparring ,4
23,Todd got a black eye from sparring,4
24,Stanely got a black eye from sparring,4
25,Brandon got a black eye from sparring,4
26,Angeline got a black eye from sparring,4
27,Russel got a black eye from sparring,4
28,Alyssa rolled his left ankle,4
29,Patrick rolled his left ankle,4
30,David rolled his right ankle,4
31,Frank rolled his left ankle,4
32,Miguel broke his right pinky toe doing a front kick,4
33,Joseline broke her left  pinky toe doing a front kick,4
34,Lily broke her right pinky toe doing a front kick,4
35,Noah broke his right pinky toe doing a front kick,4
36,Tory strained her left hamstring sparing,4
37,Dexter broke the urinal handle in the bathroom,10
38,Penny tripped and started bleeding from her right leg,4
39,Kyle tripped and started bleeding from left hand,4
40,Kason was reported for inappropriate behaviour,12
41,Isabella was reported for inappropriate behaviour,12
42,June was reported for inappropriate behaviour,12
43,Baotran was reported for inappropriate behaviour,12
44,Paxton was reported for inappropriate behaviour,12
45,Nick broke his leg sparring,4
46,Audrey was reported for feeling sick,7
47,Leo was reported for feeling sick,7
48,Jin wasn't feeling well,6
49,Kinny wasn't feeling well.,6
50,Colver wasn't feeling well.,6
51,Clary reports to Master Jin that Constantine is displaying symptoms of covid.,9
52,Nerty reports to Master Jin that Lothaire has a cold,9
53,Constantine reports that a student broke the door handle to the restroom,2
54,Elli reports to Master Jin they got a bruise on their arm during training.,3
55,Lothaire reports to Master Jin they have the flu,6
56,Drugi reports to Master Jin they twisted their ankle ,3
57,Drugi reports to Master Jin that a student sprained their ankle,1
58,Clary reports to Master Jin that a student got a cut on their arm,1
59,Colver reports to Master Jin that Mata has severe nausea ,9
60,Kinny reports to Master Jin that he is experiencing dehydration,6
61,Constantaine reports to Master Jin that they pulled a muscle ,3
62,Mata reports to Master Jin that a student busted their lip ,1
