﻿Incident Type ID,Incident Type Description
1,Employee reports an injury to Master Jin regarding a student
2,Employee reports property damage to Master Jin
3,Employee reports an injury to Master Jin regarding his/her self
4,Student reports an injury to Master Jin regarding his/her self
5,Student reports an injury to Master Jin regarding another student
6,Employee reports an illness to Master Jin regarding his/her self
7,Student reports an illness to Master Jin regarding his/her self
8,Student reports an illness to Master Jin regarding another student
9,Employee reports an illness to Master Jin regarding another employee
10,Student reports property damage to Master Jin
11,Student reports inapprioate behaviour to Master Jin
12,Employee reports inapprioate behaviour to Master Jin
