Location_Special_Event_ID,Location_Special_Event_Info,School_Location_ID,Special_Event_ID
1,Birthday Event at Master Jin's White Tiger Taekwondo,1,1
2,Birthday Event at Master Jin's White Tiger Taekwondo ,1,2
3,Movie Night at Master Jin's White Tiger Taekwondo,1,3
4,Parents Night Out at Master Jin's White Tiger Taekwondo,1,4
5,Fourth of July Party at Master Jin's White Tiger Taekwondo,1,5
6,Birthday Event at Master Jin's White Tiger Taekwondo,1,6
7,Parents Night Out at Master Jin's White Tiger Taekwondo,1,7
8,Birthday Event at Master Jin's White Tiger Taekwondo,1,8
9,Movie Night at Master Jin's White Tiger Taekwondo,1,9
10,Birthday Event at Master Jin's White Tiger Taekwondo,1,10
11,Halloween Party at Master Jin's White Tiger Taekwondo,1,11
12,Birthday Event at Master Jin's White Tiger Taekwondo,1,12
13,Thanksgiving Party at Master Jin's White Tiger Taekwondo,1,13
14,Christmas Party at Master Jin's White Tiger Taekwondo,1,14
15,New Years Party at Master Jin's White Tiger Taekwondo,1,15
