Medicine_ID,Medicine_Name,Medicine_Reason
1,Selective serotonin reuptake inhibitors,Antidepressant
2,Aspirin,pain reliever
3,Beclometasone,asthma
4,lithium carbonate,Mood Stabiliser
5,Insulin,Diabetes
6,Carbamazepine,Epilepsy
7,Entecavir,Antiviral
8,Copegus,Antiviral
9,Dextrose,Glucose deficiency
10,Antacids,Stomach upset and heartburn
11,Antihistamine,Allergies
12,Hydrocortisone cream,swelling and itching
13,Corticosteroids,Inflammation
14,Tylenol,pain reliever
15,Advil,headaches
16,Amoxicilline,Strep Throat
17,Azithromycin,ear infection
18,Clozapine,Anti-Psychotic
19,Clavulanate,sinus infections
20,Cefdinir,Pneumonia
21,Cephalexin,Bone and skin Infection
22,Fluticasone,eczema and allergies
23,Self Treatment,No Available Medicine
