Session_ID,Session_Day,Session_Start_Time,Session_End_Time,Session_Status_ID,Class_ID
1,Monday,4:30 PM,5:10 PM,1,1
2,Tuesday,4:30 PM,5:10 PM,1,4
3,Wednesday,4:30 PM,5:10 PM,1,1
4,Thursday,4:30 PM,5:10 PM,1,4
5,Friday,4:30 PM,5:10 PM,1,1
6,Saturday,10:00 AM,10:40 AM,1,10
7,Monday,5:15 PM,5:55 PM,1,3
8,Tuesday,5:15 PM,5:55 PM,1,2
9,Wednesday,5:15 PM,5:55 PM,1,3
10,Thursday,5:15 PM,5:55 PM,1,2
11,Friday,5:15 PM,5:55 PM,1,14
12,Saturday,10:40 AM,11:20 AM,4,13
13,Monday,6:00 PM,6:40 PM,1,5
14,Tuesday,6:00 PM,6:40 PM,1,8
15,Wednesday,6:00 PM,6:40 PM,1,5
16,Thursday,6:00 PM,6:40 PM,1,8
17,Friday,6:00 PM,6:40 PM,1,12
18,Monday,6:45 PM,7:25 PM,1,7
19,Tuesday,6:45 PM,7:25 PM,1,6
20,Wednesday,6:45 PM,7:25 PM,1,7
21,Thursday,6:45 PM,7:25 PM,1,6
22,Friday,6:45 PM,7:25 PM,2,15
23,Monday,7:30 PM,8:10 PM,3,9
24,Tuesday,7:30 PM,8:10 PM,3,11
25,Wednesday,7:30 PM,8:10 PM,3,9
26,Thursday,7:30 PM,8:10 PM,3,11
27,Friday,7:30 PM,8:10 PM,2,16
