Special_Event_ID,Special_Event_Date,Special_Event_Name,Special_Event_Type_ID,Special_Event_Status_ID
1,2020-06-06,Madison Rougeron Birthday,1,3
2,2020-08-01,Khloe Le Birthday,1,2
3,2021-05-29,Movie Night,2,1
4,2021-06-11,Parents Night Out,3,1
5,2021-07-03,Fourth of July Party,4,1
6,2021-07-24,Penny Le Birthday,1,4
7,2021-08-07,Parents Night Out,3,1
8,2021-08-21,Braylon Sandburg Birthday,1,1
9,2021-09-18,Movie Night,2,3
10,2021-09-25,Jonathan Harley Birthday,1,3
11,2021-10-30,Halloween Party,4,1
12,2021-11-06,Alex Dulle Birthday,1,1
13,2021-11-20,Thanksgiving Party,4,1
14,2021-12-20,Christmas Party,4,1
15,2022-01-03,New Years Party,4,1
