Special_Event_Feedback_ID,Special_Event_Rating,Special_Event_Comment,Special_Event_ID
1,1 out of 5,Unfortunately the event had to be cancelled because of Covid.,1
2,5 out of 5,Small Party due to covid but it was perfect. My child had fun.,2
3,3 out of 5,We were looking forward to the party but understandably it was cancelled. Thank you to Master Jin for our safety.,1
4,2 out of 5,This should not have been cancelled but what can you do.,1
5,3 out of 5,We hope to the party reschedules later.,1
6,4 out of 5,My daughter had fun. Master Jin was wonderful!,2
7,5 out of 5,Awesome party my son loved it.,2
8,5 out of 5,I hope Master Jin has more parties in the future.,2
9,3 out of 5,Good. But we are not sure if we will go again.,2
10,4 out of 5,Very fun. The pizza was good too.,2
