Student_Covid_Check_ID,Student_Covid_Check,Student_ID,Covid_Check_ID
1,Negative,1,9
2,Positive,4,10
3,Negative,6,11
4,Positive,7,12
5,Negative,8,13
6,Negative,9,14
7,Negative,10,15
8,Positive,11,16
9,Negative,12,17
10,Negative,13,18
11,Negative,14,19
12,Negative,15,20
13,Negative,16,21
14,Negative,17,22
15,Negative,18,23
16,Positive,19,24
17,Negative,20,25
18,Negative,21,26
19,Positive,22,27
20,Negative,23,28
21,Positive,24,29
22,Positive,25,30
23,Negative,26,31
24,Negative,27,32
25,Negative,28,33
26,Positive,29,34
27,Positive,30,35
28,Negative,31,36
29,Negative,32,37
30,Negative,33,38
31,Positive,34,39
32,Positive,35,40
33,Positive,36,41
34,Positive,37,42
35,Positive,38,43
36,Negative,39,44
37,Negative,40,45
38,Negative,41,46
39,Negative,42,47
40,Negative,43,48
41,Negative,44,49
42,Positive,45,50
43,Negative,46,51
44,Positive,47,52
45,Negative,48,53
46,Negative,49,54
47,Negative,50,55
48,Negative,51,56
49,Positive,52,57
50,Negative,53,58
51,Positive,54,59
52,Negative,55,60
53,Positive,56,61
54,Negative,57,62
55,Negative,58,63
56,Negative,59,64
57,Negative,60,65
58,Negative,61,66
59,Positive,62,67
60,Positive,63,68
61,Negative,64,69
62,Negative,65,70
63,Positive,66,71
64,Positive,67,72
65,Positive,68,73
66,Positive,69,74
67,Positive,70,75
68,Negative,71,76
69,Positive,72,77
70,Negative,73,78
71,Positive,74,79
72,Positive,75,80
73,Negative,76,81
74,Negative,77,82
75,Negative,78,83
76,Positive,79,84
77,Negative,80,85
78,Negative,81,86
79,Negative,82,87
80,Positive,83,88
81,Negative,84,89
82,Negative,85,90
83,Negative,86,91
84,Positive,87,92
85,Negative,88,93
86,Negative,89,94
87,Negative,90,95
88,Positive,91,96
89,Negative,92,97
90,Positive,93,98
91,Positive,94,99
92,Positive,95,100
93,Negative,96,101
94,Positive,97,102
95,Negative,98,103
96,Positive,99,104
97,Positive,100,105
