Student_Medical_Problem ID,Student_Medical_Problem_Exists,Student_On_Medicine,Medical_Problem_ID,Medicine_ID,Student_ID
1,No,No,,,1
2,No,No,,,2
3,No,No,,,3
4,No,No,,,4
5,No,No,,,5
6,No,No,,,6
7,No,No,,,7
8,No,No,,,8
9,No,No,,,9
10,No,No,,,10
11,No,No,,,11
12,No,No,,,12
13,No,No,,,13
14,No,No,,,14
15,No,No,,,15
16,No,No,,,16
17,No,No,,,17
18,No,No,,,18
19,No,No,,,19
20,No,No,,,20
21,No,No,,,21
22,No,No,,,22
23,No,No,,,23
24,Yes,Yes,2,2,24
25,No,No,,,25
26,No,No,,,26
27,No,No,,,27
28,No,No,,,28
29,No,No,,,29
30,No,No,,,30
31,No,No,,,31
32,No,No,,,32
33,No,No,,,33
34,No,No,,,34
35,No,No,,,35
36,No,No,,,36
37,No,No,,,37
38,No,No,,,38
39,No,No,,,39
40,No,No,,,40
41,No,No,,,41
42,No,No,,,42
43,No,No,,,43
44,No,No,,,44
45,No,No,,,45
46,No,No,,,46
47,No,No,,,47
48,No,No,,,48
49,No,No,,,49
50,No,No,,,50
51,No,No,,,51
52,No,No,,,52
53,No,No,,,53
54,No,No,,,54
55,No,No,,,55
56,No,No,,,56
57,No,No,,,57
58,No,No,,,58
59,No,No,,,59
60,No,No,,,60
61,No,No,,,61
62,No,No,,,62
63,Yes,Yes,5,5,63
64,No,No,,,64
65,No,No,,,65
66,No,No,,,66
67,No,No,,,67
68,No,No,,,68
69,No,No,,,69
70,Yes,Yes,4,4,70
71,No,No,,,71
72,No,No,,,72
73,No,No,,,73
74,No,No,,,74
75,No,No,,,75
76,Yes,Yes,3,3,76
77,No,No,,,77
78,No,No,,,78
79,No,No,,,79
80,Yes,No,6,23,80
81,No,No,,,81
82,No,No,,,82
83,No,No,,,83
84,No,No,,,84
85,Yes,Yes,18,1,85
86,No,No,,,86
87,No,No,,,87
88,No,No,,,88
89,No,No,,,89
90,Yes,No,7,,90
91,No,No,,,91
92,No,No,,,92
93,No,No,,,93
94,No,No,,,94
95,Yes,Yes,3,3,95
96,No,No,,,96
97,No,No,,,97
98,No,No,,,98
99,Yes,Yes,8,5,99
100,No,No,,,100
101,No,No,,,101
102,Yes,Yes,20,13,102
103,No,No,,,103
104,No,No,,,104
105,Yes,Yes,17,1,105
