Student ID,Student_Firstname,Student_Lastname,Gender,Student_DOB,Student_Age,Student_Phone,Student_EmContName,Student_EmContNum,Email,Student_Street,Student_City,Student_Zipcode,Class_Rank,Country_ID,State_Territory_ID,Stu_Status_ID,Membership_ID
1,BAINE,GANNON,M,12/7/2007,13,713-775-6993,BYRON GANNON,713-775-6993,BYRONGANNON_BNB@YAHOO.COM,15402 LADY SHERY LN ,CYPRESS,77429,4,188,47,1,1
2,MATIAS,MELENDEZ,M,10/27/2010,10,832-904-9940,GABRIELA MELENDEZ,832-904-9940,GABY.MELENDEZ@ME.COM,13710 POINTED DEGE LN ,CYPRESS,77429,4,188,47,1,2
3,TIAGO,MELENDEZ,M,10/8/2013,7,832-904-9940,GABRIELA MELENDEZ,832-904-9940,GABY.MELENDEZ@ME.COM,13710 POINTED DEGE LN ,CYPRESS,77429,4,188,47,1,3
4,SANJIT,MADHAVAN,M,8/1/2010,10,346-666-8829,MADHAVAN VIJAYASEKARAN,346-331-8030,MADHANVAN.VIJAYASEKARAN@GMAIL.COM,13603 NEARPOINT LANE ,TOMBALL,77377,4,188,47,1,4
5,TANNER,WILKINS,M,4/10/2013,7,713-206-8854,BETSY WILKINS,713-206-8854,BWILKINS@BURNSMCD.COM,14219 MOHICAN DR ,CYPRESS,77429,4,188,47,1,5
6,HUNTER,HUGHES,M,5/26/2014,6,732-930-4076,ROBERT HUGHES,732-930-4076,KNIGHTRIDER1031@MSN.COM,12101 NORTHPOINTE BLVD ,TOMBALL,77377,4,188,47,1,6
7,JAXON,TAYLOR,M,3/25/2016,5,281-705-7999,TONYA TAYLOR,281-705-7999,TONYATAYLOR1313@GMAIL.COM,14935 TWILIGHT KNOLL TR ,CYPRESS,77429,3,188,47,1,7
8,WAYLON,TAYLOR,M,3/25/2016,5,281-705-7999,TONYA TAYLOR,281-705-7999,TONYATAYLOR1313@GMAIL.COM,14935 TWILIGHT KNOLL TR ,CYPRESS,77429,3,188,47,1,8
9,CAROLINE,CIONI,F,11/19/2013,7,936-661-3027,JAMES CIONI,936-661-3027,JAMESCIONI@YAHOO.COM,12603 NEW HAMPTON DRIVE ,TOMBALL,77377,5,188,47,1,9
10,CHARLEE,CIONI,F,12/11/2012,8,936-661-3027,JAMES CIONI,936-661-3027,JAMESCIONI@YAHOO.COM,12603 NEW HAMPTON DRIVE ,TOMBALL,77377,5,188,47,1,10
11,RIYA,SINGHAL,F,6/7/2011,9,518-892-1325,REETU GUPTA,518-892-1325,DID NOT PROVIDE,18726 GULF SHADOW DR ,TOMBALL,77429,4,188,47,1,11
12,CRUZ,WILLARD,M,9/12/2011,9,865-201-1763,HEATHER WILLAEL,865-201-1763,HMWILLARD24@YAHOO.COM,15506 KENSINGTON BLUFF DR ,CYPRESS,77429,4,188,47,1,12
13,MADISON,ROUGERON,F,6/1/2009,11,832-723-9501,MARC ROUGERON,832-723-9501,MARC.ROUGERON@GMAIL.COM,18710 WINDING ATWOOD LN ,TOMBALL,77377,4,188,47,1,13
14,LIAM,BALUJA,M,11/13/2011,9,832-808-1880,OSMANY BALUJA,832-551-9983,OSMANYBALUJA@GMAIL.COM,14006 PAWNEE TRAILS DR ,CYPRESS,77429,3,188,47,1,14
15,EMILY,COATON,F,5/3/2005,15,713-882-8428,PAUL COATON,713-882-8428,BCOATON@GMAIL.COM,18514 WEEPING SPRING DR ,CYPRESS,77429,4,188,47,1,15
16,PAUL,COATON,M,8/12/1978,42,713-882-8428,PAUL COATON,713-882-8428,BCOATON@GMAIL.COM,18514 WEEPING SPRING DR ,CYPRESS,77429,4,188,47,1,16
17,HOPE,NGUYEN,F,1/20/2010,11,832-466-2863,QUEEN TRAN,832-466-2863,QTAHH718@YAHOO.COM,11740 NORTHPOINTE BLVD #902 ,TOMBALL,77377,3,188,47,1,17
18,LUCAS,TIBBS,M,2/20/2016,5,713-419-7185,BEAU TIBBS,713-419-7185,ET1090@GMAIL.COM,12311 NORTHPOINTE RIDGE LN ,TOMBALL,77377,3,188,47,1,18
19,GRAYSON,GRAF,M,5/23/2016,4,254-495-9500,CHRIS GRAF,254-495-9500,CHRISTOPHERMGRAF@GMAIL.COM,19126 BLUE HILL LN ,TOMBALL,77377,3,188,47,1,19
20,RYDER,GRUBBS,M,5/9/2011,9,281-227-2301,JENNFER GRUBBS,281-227-2301,GRUBBSJJ@GMAIL.COM,15114 TELGE LAKE TRAIL ,CYPRESS,77429,8,188,47,1,20
21,LIAM BLAISE S.,JUNTILLA,M,12/26/2010,10,703-909-7407,LIRILEI ROSE JUNTILLA,703-909-7407,LORILEIJUNTILLA@GMAIL.COM,18015 TALL CHESTNUT ST ,CYPRESS,77429,3,188,47,1,21
22,BRADY,BACOT,M,8/1/2008,12,832-696-9603,MICHELLE BACOT,832-696-9603,MAMABACOT@GMAIL.COM,13626 BUTTERFLY BUSH LN ,TOMBALL,77377,3,188,47,1,22
23,CONNOR,CORLEY,M,1/6/2002,19,832-229-3335,LEO CORLEY,832-229-3335,LEOCORLEY@GMAIL.COM,12031 ECHO CANYON ,TOMBALL,77377,4,188,47,1,23
24,LEO,CORLEY,M,5/18/1971,49,832-229-3335,LEO CORLEY,832-229-3335,LEOCORLEY@GMAIL.COM,12031 ECHO CANYON ,TOMBALL,77377,12,188,47,1,24
25,CONALL,DOHERTY,M,5/8/2012,8,713-885-4463,CRAIG DOHERTY,713-885-4463,CHRISDOHERTY@YAHOO.COM,15819 COUNTRY TRAIL ,TOMBALL,77377,3,188,47,1,25
26,ALEX,DULLE,M,11/19/2010,10,573-821-4303,ALEX DULLE,573-821-4303,JACKDULLE@GMAIL.COM,18715 ODEN TRACE DR ,TOMBALL,77377,3,188,47,1,26
27,LANE,GRIMES,M,1/27/2015,6,832-922-0097,CATELYN REYNOLDS,832-922-0097,CATELYNREYNOLDS1123@GMAIL.COM,12726 BENTON PARK LANE ,TOMBALL,77377,3,188,47,1,27
28,RYDER,LOVELL,M,3/11/2009,12,832-723-8854,RYAN LOVELL,832-723-8854,RDLOVELL78@YAHOO.COM,14939 CODYS RUN ,CYPRESS,77429,8,188,47,1,28
29,KAI,QUINN,M,6/20/2014,6,713-504-1630,ISHTARSHNA QUINN,713-504-1630,TJQUINNTJ@GMAIL.COM,18103 IRIS EDGE WAY ,CYPRESS,77429,3,188,47,1,29
30,KALIEAH,QUINN,F,6/28/2010,10,713-504-1630,ISHTARSHNA QUINN,713-504-1630,TJQUINNTJ@GMAIL.COM,18103 IRIS EDGE WAY ,CYPRESS,77429,3,188,47,1,30
31,JUDE,BRANHAM,M,12/18/2014,6,281-323-0896,RICHARD BRANHAM,832-721-0616,RBRANHAM12@GMAIL.COM,13014 HAZELWOOD HOLLOW DR ,TOMBALL,77377,3,188,47,1,31
32,JOEL,LEON ALVA,M,1/10/2015,6,847-915-9205,NORA LEON ALVA,847-915-9205,NORAAPVY@HOTMAIL.COM,12331 CLARESHOLM DR ,TOMBALL,77377,3,188,47,1,32
33,THOMAS,ADAIMY,M,8/13/2015,5,832-627-8651,JESSICA NASSIF,832-627-8651,JESSICA.NA@HOTMAIL.COM,12303 NORTHFORK BEND CT ,TOMBALL,77377,3,188,47,1,33
34,JESSICA,NASSIF,F,9/14/1984,36,832-627-8651,JESSICA NASSIF,832-627-8651,JESSICA.NA@HOTMAIL.COM,12303 NORTHFORK BEND CT ,TOMBALL,77377,3,188,47,1,34
35,JUNE,ROUGERON,F,5/24/2013,7,832-723-9501,LUDIVINE ROUGERON,832-723-9501,ROUGERONLUDIVINE@GMAIL.COM,18710 WINDING ATWOOD LN ,TOMBALL,77377,3,188,47,1,35
36,LUDIVINE,ROUGERON,F,12/27/1981,39,832-723-9501,LUDIVINE ROUGERON,832-723-9501,ROUGERONLUDIVINE@GMAIL.COM,18710 WINDING ATWOOD LN ,TOMBALL,77377,3,188,47,1,36
37,JACOB,ALEXANDER,M,6/27/2012,8,832-723-5234,NICOLE ALEXANDER,832-723-5234,NICKIE319@HOTMAIL.COM,15227 HOLLOWAY HILLS TR ,TOMBALL,77429,3,188,47,1,37
38,MATTHEW,ALEXANDER,M,6/9/2008,12,832-723-5234,NICOLE ALEXANDER,832-723-5234,NICKIE319@HOTMAIL.COM,15227 HOLLOWAY HILLS TR ,TOMBALL,77429,3,188,47,1,38
39,ISABELLA,CATON,F,8/8/2007,13,512-809-6059,RORY CATON,512-809-6059,RORY.CATON@GMAIL.COM,19007 WINDING ATWOOD LN ,TOMBALL,77377,2,188,47,1,39
40,BAOTRAN,NGUYEN,F,4/28/2014,6,832-620-1418,VICKY NGUYEN,832-620-1418,KIMANNVIVI@GMAIL.COM,11614 SUMMERSTONE CT ,TOMBALL,77377,2,188,47,1,40
41,ANN,TRUONG,F,9/6/2014,6,832-620-1418,VICKY NGUYEN,832-620-1418,KIMANNVIVI@GMAIL.COM,11614 SUMMERSTONE CT ,TOMBALL,77377,2,188,47,1,41
42,KIM,TRUONG,F,6/6/2013,7,832-620-1418,VICKY NGUYEN,832-620-1418,KIMANNVIVI@GMAIL.COM,11614 SUMMERSTONE CT ,TOMBALL,77377,2,188,47,1,42
43,KASON,THAI,M,10/8/2008,12,713-294-9700,CANDICE BLAKELEY,713-294-9700,CANDICEBLAKELEY@GMAIL.COM,18902 CALLEPINE LN ,TOMBALL,77377,2,188,47,1,43
44,KHLOE,LE,F,8/3/2009,11,832-477-1133,SUSAN LE,832-477-1133,LOVELE39@YAHOO.COM,17914 HOUSE MARTIN LN ,CYPRESS,77429,2,188,47,1,44
45,KYLE,LE,M,10/17/2013,7,832-477-1133,SUSAN LE,832-477-1133,LOVELE39@YAHOO.COM,17914 HOUSE MARTIN LN ,CYPRESS,77429,2,188,47,1,45
46,AIDEN,HOANG,M,3/4/2012,9,346-379-9269,JOSEPH HOANG,346-379-9269,JOSEPHOANG@YAHOO.COM,18719 EVANHALE BEND DR ,CYPRESS,77429,3,188,47,1,46
47,AUDREY,HOANG,F,10/2/2010,10,346-379-9269,JOSEPH HOANG,346-379-9269,JOSEPHOANG@YAHOO.COM,18719 EVANHALE BEND DR ,CYPRESS,77429,3,188,47,1,47
48,JOSEPH,HOANG,M,9/1/1974,46,346-379-9269,JOSEPH HOANG,346-379-9269,JOSEPHOANG@YAHOO.COM,18719 EVANHALE BEND DR ,CYPRESS,77429,3,188,47,1,48
49,MICHAEL,VICTOR,M,6/12/2014,6,956-655-5801,HUERTA VICTOR,956-655-5801,VICTORFHUERTA@GMAIL.COM,18618 WEEPING SPRING DR ,CYPRESS,77425,2,188,47,1,49
50,ADEN,VIGIL,M,3/26/2014,7,713-416-5165,NICHOLAS VIGIL,713-416-5165,VIGIL75063@GMAIL.COM,14919 KENTON PL LN ,CYPRESS,77429,3,188,47,1,50
51,HENRY,GARCIA,M,7/6/2011,9,281-235-7931,JUAN GARCIA,281-235-7931,THEGARCIAS1518@GMAIL.COM,19010 PINEWOOD POINT LN ,TOMBALL,77377,2,188,47,1,51
52,NATHANIEL,REYES,M,11/12/2009,11,580-475-6533,PRISCILLA REYES,580-475-6533,PRISCILLA2974@MSN.COM,15302 THOMPSON RIDGE DR ,CYPRESS,77429,2,188,47,1,52
53,PHAT,NGUYEN,M,10/1/2011,9,361-220-9363,TRINH HOANG,361-220-9363,TRINHHOANG1982@YAHOO.COM,12514 CANNONWOOD LN,HOUSTON,77070,2,188,47,1,53
54,BRAYLON,SANDBURG,M,8/27/2014,6,281-732-6242,CELSEY SANDBURG,281-732-6242,CELSEYSANDBURG@YAHOO.COM,17915 TALL CHESTNUT ST ,CYPRESS,77427,2,188,47,1,54
55,JONATHAN,COEN,M,6/18/1980,40,832-298-9328,JONATHAN COEN,832-298-9328,JONATHAN.D.COEN@GMAIL.COM,13607 LAKE VISTA DR ,TOMBALL,77377,2,188,47,1,55
56,NORA,COEN,F,5/8/2008,12,832-298-9328,JONATHAN COEN,832-298-9328,JONATHAN.D.COEN@GMAIL.COM,13607 LAKE VISTA DR ,TOMBALL,77377,2,188,47,1,56
57,RYAN,COEN,M,4/11/2011,9,832-298-9328,JONATHAN COEN,832-298-9328,JONATHAN.D.COEN@GMAIL.COM,13607 LAKE VISTA DR ,TOMBALL,77377,2,188,47,1,57
58,AYDEN,HOUSE,M,12/2/2009,11,315-335-6399,RENEE HOUSE,315-335-6399,RHOUSE0911@GMAIL.COM,15810 OAK ISLAND DR ,TOMBALL,77377,2,188,47,1,58
59,BELLA,ADAMS,F,1/24/2008,13,832-298-7884,GINA ADAMS,832-298-7884,GINASMM@YAHOO.COM,12230 BRIGHTON BROOK LN ,TOMBALL,77377,2,188,47,1,59
60,PAXTON,ROHDE,M,8/10/2011,9,832-458-6258,AUDREY ROHDE,832-458-6258,AUDREYMASON2011@GMAIL.COM,19022 BLUESTONE HOLLOW LN ,TOMBALL,77377,8,188,47,1,60
61,LIAM,DARENSBOURG,M,5/6/2011,9,713-870-2876,ROBIN DARENSBOURG,713-870-2876,DID NOT PROVIDE,15514 ROYAL TRACE CT ,CYPRESS,77429,1,188,47,1,61
62,ROBERT,HUGHES,M,10/31/1979,41,732-930-4076,ROBERT HUGHES,732-930-4076,KNIGHTRIDER1031@MSN.COM,12101 NORTHPOINTE BLVD ,TOMBALL,77377,2,188,47,1,62
63,FRANCES,WILKINS,M,10/12/1995,25,832-667-8663,FRANCES WILKINS,832-667-8663,HUGHESROB68@YAHOO.COM,17979 SUSAN PARKWAY,TOMBALL,77377,1,188,47,1,63
64,KAY,PAXTON,F,6/27/2003,17,832-313-9645,JERRY PAXTON,832-313-9645,WILKINSFRA45@YAHOO.COM,11462 HERMINA PARKWAY,TOMBALL,77377,1,188,47,1,64
65,FAITHE,NELSON,F,3/19/1987,34,232-113-9321,FAITHE NELSON,232-113-9321,PAXTONJER47@YAHOO.COM,11539 RANDY TRAIL,TOMBALL,77377,1,188,47,1,65
66,CORY,WEBSTER,M,5/23/2003,17,532-343-5542,BOB WEBSTER,532-343-5542,NELSONFAI22@YAHOO.COM,18405 WARBLER COURT,TOMBALL,77377,1,188,47,1,66
67,MARK,WYATT,M,3/16/2008,13,832-153-6423,TERRY WYATT,832-153-6423,WEBSTERBOB70@YAHOO.COM,15412 BULTMAN PASS,TOMBALL,77377,1,188,47,1,67
68,TORY,LE,F,8/22/1999,21,512-323-6542,TORY LE,512-323-6542,WYATTTER62@YAHOO.COM,11148 6TH PLAZA,TOMBALL,77377,1,188,47,1,68
69,CATHERINE,NGUYEN,F,6/3/2007,13,432-330-1352,PAUL NGUYEN,432-330-1352,LETOR19@YAHOO.COM,16605 KENSINGTON AVENUE,TOMBALL,77429,1,188,47,1,69
70,NICK,SMITH,M,9/12/2013,7,832-320-1642,LESLIE SMITH,832-320-1642,NGUYENPAU24@YAHOO.COM,03282 MESTA PARK,TOMBALL,77429,1,188,47,1,70
71,MADDIE,WILLIAMS,F,4/17/1982,38,832-644-1434,MADDIE WILLIAMS,832-644-1434,SMITHLES72@YAHOO.COM,10558 COOLIDGE CENTER,TOMBALL,77377,1,188,47,1,71
72,JENNY,DAVIS,F,1/10/2003,18,713-124-9124,HENRY DAVIS,713-124-9124,WILLIAMSMAD17@YAHOO.COM,1164 MESSERSCHMIDT WAY,TOMBALL,77377,1,188,47,1,72
73,PRESTON,HARRIS,M,7/26/1992,28,832-427-1112,PRESTON HARRIS,832-427-1112,DAVISHEN18@YAHOO.COM,58761 MAPLE WAY,TOMBALL,77377,1,188,47,1,73
74,TYLER,RYDER,M,3/7/1986,35,532-438-8764,TYLER RYDER,532-438-8764,HARRISPRE63@YAHOO.COM,73901 MANITOWISH TRAIL,TOMBALL,77377,1,188,47,1,74
75,JONATHAN,HARLEY,M,9/14/2011,9,346-375-9865,REDDY HARLEY,346-375-9865,RYDERTYL9@YAHOO.COM,81801 WARBLER COURT,TOMBALL,77377,4,188,47,1,75
76,DENNIS,ALLEN,M,4/3/2008,13,346-379-9766,WILL ALLEN,346-379-9766,HARLEYRED27@YAHOO.COM,11942 HOLY CROSS AVENUE,TOMBALL,77429,1,188,47,1,76
77,KEVIN,ANGUS,M,12/6/1998,22,346-389-9888,KEVIN ANGUS,346-389-9888,ALLENWIL74@YAHOO.COM,11323 HAYES TERRACE,TOMBALL,77429,1,188,47,1,77
78,LILY,THORNTON,F,2/3/1999,22,256-622-5465,VALERIE THORNTON,256-622-5465,ANGUSKEV41@YAHOO.COM,14957 MOULTON PARK,TOMBALL,77429,1,188,47,1,78
79,PERRY,HUDNALL,M,12/3/2009,11,713-455-5165,ASHLEY HUDNALL,713-455-5165,THORNTONVAL13@YAHOO.COM,14201 BLUEJAY JUNCTION,TOMBALL,77429,1,188,47,1,79
80,JOHN,HENRYSON,M,2/19/1985,36,281-235-4542,JOHN HENRYSON,281-235-4542,HUDNALLASH34@YAHOO.COM,17314 TOBAN AVENUE,TOMBALL,77377,3,188,47,2,80
81,RUSSEL,STEVENS,M,2/14/2012,9,580-454-1111,GARY STEVENS,580-454-1111,HENRYSONJOH55@YAHOO.COM,14810 KEDZIE AVENUE,TOMBALL,77377,2,188,47,1,81
82,JESSA,ARCHER,F,5/26/2012,8,321-234-1325,CINDY ARCHER,321-234-1325,STEVENSGAR23@YAHOO.COM,15349 SCHILLER PARKWAY,TOMBALL,77377,1,188,47,1,82
83,TODD,TALIA,M,8/10/1987,33,281-711-6431,TODD TALIA,281-711-6431,ARCHERCIN41@YAHOO.COM,12347 RUSKIN PARK,TOMBALL,77377,1,188,47,1,83
84,ILIANNA,QUEEN,F,1/1/2010,11,832-111-9431,ERICK QUEEN,832-111-9431,TALIATOD38@YAHOO.COM,12909 SAGE CIRCLE,TOMBALL,77377,1,188,47,1,84
85,SALLY,OSBORNE,F,3/29/2003,18,232-245-6475,HALLIE OSBORNE,232-245-6475,QUEENERI53@YAHOO.COM,121 GARRISON PASS,TOMBALL,77377,1,188,47,1,85
86,ANGELINE,KELLEY,F,1/29/1986,35,832-345-9655,ANGELINE KELLEY,832-345-9655,OSBORNEHAL88@YAHOO.COM,60 MEADOW VALLEY CIRCLE,TOMBALL,77429,2,188,47,2,86
87,STANELY,HARRISON,M,12/8/2002,18,315-225-6111,JOSE HARRISON,315-225-6111,KELLEYANG2@YAHOO.COM,2 BRICKSON PARK PLAZA,TOMBALL,77429,2,188,47,1,87
88,BRANDON,TRAN,M,4/9/2003,17,832-555-7833,VINCENT TRAN,832-555-7833,HARRISONJOS8@YAHOO.COM,7947 LUDINGTON LANE,TOMBALL,77377,1,188,47,1,88
89,EDWARD,NGUYEN,M,1/14/2001,20,832-433-6432,LARRY NGUYEN,832-433-6432,TRANVIN22@YAHOO.COM,67 GOLDEN LEAF TRAIL,TOMBALL,77377,1,188,47,1,89
90,PENNY,LE,F,7/22/2004,16,713-834-6643,LAUREN LE,713-834-6643,NGUYENLAR76@YAHOO.COM,897 SCHLIMGEN POINT,TOMBALL,77377,2,188,47,1,90
91,DEXTER,SAMPSON,M,11/13/1982,38,732-960-4987,DEXTER SAMPSON,732-960-4987,LELAU64@YAHOO.COM,353 LYONS COURT,TOMBALL,77377,1,188,47,1,91
92,DAVID,EARNEST,M,10/15/1986,34,332-345-9655,DAVID EARNEST,332-345-9655,SAMPSONDEX51@YAHOO.COM,632 SACHTJEN WAY,TOMBALL,77377,3,188,47,2,92
93,KIM,JACKSON,F,11/8/2001,19,315-225-6111,TOM JACKSON,315-225-6111,EARNESTDAV5@YAHOO.COM,9092 ORIN STREET,TOMBALL,77429,1,188,47,1,93
94,FRANK,WATTS,M,6/5/2001,19,832-555-7833,LINDSEY WATTS,832-555-7833,JACKSONTOM18@YAHOO.COM,05 TEXAS CENTER,TOMBALL,77429,2,188,47,2,94
95,ALYSSA,TERRA,F,1/9/1983,38,132-123-6432,ALYSSA TERRA,132-123-6432,WATTSLIN23@YAHOO.COM,42 WAXWING PLACE,TOMBALL,77429,1,188,47,1,95
96,PATRICK,RONALD,M,3/24/2005,16,743-834-6643,ALEC RONALD,743-834-6643,TERRAALY55@YAHOO.COM,851 NANCY ALLEY,TOMBALL,77429,1,188,47,1,96
97,NOAH,CHEN,M,5/17/2008,12,412-960-4432,ANDY CHEN,412-960-4432,RONALDALE19@YAHOO.COM,2 LAUREL CENTER,TOMBALL,77377,1,188,47,1,97
98,VICTOR,FREEMAN,M,2/26/2008,13,822-434-1434,CHRSTINA FREEMAN,822-434-1434,CHENAND99@YAHOO.COM,198 MEADOW VALLEY PLAZA,TOMBALL,77377,1,188,47,1,98
99,JOSELINE,ELWIN,F,5/11/1992,28,243-124-9124,JOSELINE ELWIN,243-124-9124,FREEMANCHR35@YAHOO.COM,1 HOMEWOOD CENTER,TOMBALL,77377,1,188,47,1,99
100,MIGUEL,BRIDGES,M,1/22/1991,30,122-427-1242,MIGUEL BRIDGES,122-427-1242,ELWINJOS77@YAHOO.COM,0163 LINDBERGH CROSSING,TOMBALL,77377,1,188,47,1,100
101,TERRY,TINKLE,M,2/5/1977,44,432-123-6432,JESSICA TINKLE,321-293-3931,TERRYT24@YAHOO.COM,2141 TABLETOP LN,TOMBALL,77377,13,188,47,2,101
102,ESTEBAN,GARCIA,M,4/12/1981,40,915-222-2842,JAZMINE GARCIA,982-293-7412,EGARCIA42@GMAIL.COM,9381 PEPPER DR,TOMBALL,77377,13,188,47,2,102
103,LESLEY,PUMP,F,5/9/1988,32,432-543-0933,HUGH TOOD,432-432-6544,LPUMP@YAHOO.COM,9654 ROADY DR,TOMBALL,77377,13,188,47,2,103
104,CINDY,TREYY,F,11/18/1990,30,823-343-2312,BILL TREYY,432-644-2931,CTREYY@GMAIL.COM,8423 FLIPPER LN,TOMBALL,77377,13,188,47,2,104
105,HAILEY,STONE,F,7/8/1978,42,532-543-9456,FRED STONE,039-583-3864,HSTONE65@YAHOO.COM,2344 WALON DR,TOMBALL,77377,13,188,47,2,105
